{"loss": 11.208661079406738, "_timestamp": 1685484051.8720047, "_runtime": 17.27571177482605, "_step": 12, "_wandb": {"runtime": 16}}